"LOCATION","INDICATOR","SUBJECT","MEASURE","FREQUENCY","TIME","Value","Flag Codes"
"AUS","HHDEBT","TOT","PC_NDI","A","1995",96.53382,
"AUS","HHDEBT","TOT","PC_NDI","A","1996",100.2681,
"AUS","HHDEBT","TOT","PC_NDI","A","1997",109.5295,
"AUS","HHDEBT","TOT","PC_NDI","A","1998",117.352,
"AUS","HHDEBT","TOT","PC_NDI","A","1999",123.6692,
"AUS","HHDEBT","TOT","PC_NDI","A","2000",127.8075,
"AUS","HHDEBT","TOT","PC_NDI","A","2001",133.1268,
"AUS","HHDEBT","TOT","PC_NDI","A","2002",152.1256,
"AUS","HHDEBT","TOT","PC_NDI","A","2003",163.8903,
"AUS","HHDEBT","TOT","PC_NDI","A","2004",174.6619,
"AUS","HHDEBT","TOT","PC_NDI","A","2005",185.268,
"AUS","HHDEBT","TOT","PC_NDI","A","2006",190.5731,
"AUS","HHDEBT","TOT","PC_NDI","A","2007",194.4897,
"AUS","HHDEBT","TOT","PC_NDI","A","2008",188.0799,
"AUS","HHDEBT","TOT","PC_NDI","A","2009",193.7776,
"AUS","HHDEBT","TOT","PC_NDI","A","2010",191.6334,
"AUS","HHDEBT","TOT","PC_NDI","A","2011",190.5874,
"AUS","HHDEBT","TOT","PC_NDI","A","2012",192.2672,
"AUS","HHDEBT","TOT","PC_NDI","A","2013",192.5478,
"AUS","HHDEBT","TOT","PC_NDI","A","2014",196.3439,
"AUS","HHDEBT","TOT","PC_NDI","A","2015",204.9934,
"AUS","HHDEBT","TOT","PC_NDI","A","2016",211.5531,
"AUS","HHDEBT","TOT","PC_NDI","A","2017",216.8972,
"AUS","HHDEBT","TOT","PC_NDI","A","2018",217.9175,
"AUS","HHDEBT","TOT","PC_NDI","A","2019",211.606,
"AUS","HHDEBT","TOT","PC_NDI","A","2020",204.3846,
"AUS","HHDEBT","TOT","PC_NDI","A","2021",211.4367,
"AUT","HHDEBT","TOT","PC_NDI","A","1995",65.85123,
"AUT","HHDEBT","TOT","PC_NDI","A","1996",68.45939,
"AUT","HHDEBT","TOT","PC_NDI","A","1997",70.871,
"AUT","HHDEBT","TOT","PC_NDI","A","1998",70.46921,
"AUT","HHDEBT","TOT","PC_NDI","A","1999",73.53783,
"AUT","HHDEBT","TOT","PC_NDI","A","2000",75.41841,
"AUT","HHDEBT","TOT","PC_NDI","A","2001",77.01186,
"AUT","HHDEBT","TOT","PC_NDI","A","2002",78.94254,
"AUT","HHDEBT","TOT","PC_NDI","A","2003",79.08277,
"AUT","HHDEBT","TOT","PC_NDI","A","2004",81.19659,
"AUT","HHDEBT","TOT","PC_NDI","A","2005",87.18607,
"AUT","HHDEBT","TOT","PC_NDI","A","2006",88.55872,
"AUT","HHDEBT","TOT","PC_NDI","A","2007",88.36625,
"AUT","HHDEBT","TOT","PC_NDI","A","2008",89.79839,
"AUT","HHDEBT","TOT","PC_NDI","A","2009",90.11239,
"AUT","HHDEBT","TOT","PC_NDI","A","2010",93.71614,
"AUT","HHDEBT","TOT","PC_NDI","A","2011",93.2784,
"AUT","HHDEBT","TOT","PC_NDI","A","2012",91.04684,
"AUT","HHDEBT","TOT","PC_NDI","A","2013",90.82967,
"AUT","HHDEBT","TOT","PC_NDI","A","2014",90.48386,
"AUT","HHDEBT","TOT","PC_NDI","A","2015",92.05358,
"AUT","HHDEBT","TOT","PC_NDI","A","2016",92.00205,
"AUT","HHDEBT","TOT","PC_NDI","A","2017",90.64924,
"AUT","HHDEBT","TOT","PC_NDI","A","2018",90.3045,
"AUT","HHDEBT","TOT","PC_NDI","A","2019",90.049,
"AUT","HHDEBT","TOT","PC_NDI","A","2020",94.57805,
"AUT","HHDEBT","TOT","PC_NDI","A","2021",94.34614,
"BEL","HHDEBT","TOT","PC_NDI","A","1995",65.33064,
"BEL","HHDEBT","TOT","PC_NDI","A","1996",68.8186,
"BEL","HHDEBT","TOT","PC_NDI","A","1997",72.00168,
"BEL","HHDEBT","TOT","PC_NDI","A","1998",71.4463,
"BEL","HHDEBT","TOT","PC_NDI","A","1999",73.29503,
"BEL","HHDEBT","TOT","PC_NDI","A","2000",71.44759,
"BEL","HHDEBT","TOT","PC_NDI","A","2001",67.32562,
"BEL","HHDEBT","TOT","PC_NDI","A","2002",68.94238,
"BEL","HHDEBT","TOT","PC_NDI","A","2003",70.97472,
"BEL","HHDEBT","TOT","PC_NDI","A","2004",75.30494,
"BEL","HHDEBT","TOT","PC_NDI","A","2005",80.52156,
"BEL","HHDEBT","TOT","PC_NDI","A","2006",84.0188,
"BEL","HHDEBT","TOT","PC_NDI","A","2007",87.73826,
"BEL","HHDEBT","TOT","PC_NDI","A","2008",90.05164,
"BEL","HHDEBT","TOT","PC_NDI","A","2009",92.83128,
"BEL","HHDEBT","TOT","PC_NDI","A","2010",97.41816,
"BEL","HHDEBT","TOT","PC_NDI","A","2011",102.6445,
"BEL","HHDEBT","TOT","PC_NDI","A","2012",103.0475,
"BEL","HHDEBT","TOT","PC_NDI","A","2013",104.7696,
"BEL","HHDEBT","TOT","PC_NDI","A","2014",109.2422,
"BEL","HHDEBT","TOT","PC_NDI","A","2015",111.6724,
"BEL","HHDEBT","TOT","PC_NDI","A","2016",112.9697,
"BEL","HHDEBT","TOT","PC_NDI","A","2017",113.4103,
"BEL","HHDEBT","TOT","PC_NDI","A","2018",113.6455,
"BEL","HHDEBT","TOT","PC_NDI","A","2019",116.5262,
"BEL","HHDEBT","TOT","PC_NDI","A","2020",118.4881,
"BEL","HHDEBT","TOT","PC_NDI","A","2021",119.7648,
"CZE","HHDEBT","TOT","PC_NDI","A","1995",28.89097,
"CZE","HHDEBT","TOT","PC_NDI","A","1996",21.56627,
"CZE","HHDEBT","TOT","PC_NDI","A","1997",20.58744,
"CZE","HHDEBT","TOT","PC_NDI","A","1998",19.28789,
"CZE","HHDEBT","TOT","PC_NDI","A","1999",20.43991,
"CZE","HHDEBT","TOT","PC_NDI","A","2000",21.66288,
"CZE","HHDEBT","TOT","PC_NDI","A","2001",22.12086,
"CZE","HHDEBT","TOT","PC_NDI","A","2002",26.89737,
"CZE","HHDEBT","TOT","PC_NDI","A","2003",29.09673,
"CZE","HHDEBT","TOT","PC_NDI","A","2004",33.93189,
"CZE","HHDEBT","TOT","PC_NDI","A","2005",39.08971,
"CZE","HHDEBT","TOT","PC_NDI","A","2006",43.46153,
"CZE","HHDEBT","TOT","PC_NDI","A","2007",53.1948,
"CZE","HHDEBT","TOT","PC_NDI","A","2008",59.53843,
"CZE","HHDEBT","TOT","PC_NDI","A","2009",61.83718,
"CZE","HHDEBT","TOT","PC_NDI","A","2010",63.59326,
"CZE","HHDEBT","TOT","PC_NDI","A","2011",66.5231,
"CZE","HHDEBT","TOT","PC_NDI","A","2012",67.46433,
"CZE","HHDEBT","TOT","PC_NDI","A","2013",70.85363,
"CZE","HHDEBT","TOT","PC_NDI","A","2014",69.60333,
"CZE","HHDEBT","TOT","PC_NDI","A","2015",70.63539,
"CZE","HHDEBT","TOT","PC_NDI","A","2016",72.70351,
"CZE","HHDEBT","TOT","PC_NDI","A","2017",76.57607,
"CZE","HHDEBT","TOT","PC_NDI","A","2018",75.71343,
"CZE","HHDEBT","TOT","PC_NDI","A","2019",74.78728,
"CZE","HHDEBT","TOT","PC_NDI","A","2020",77.02847,
"CZE","HHDEBT","TOT","PC_NDI","A","2021",77.31066,
"DNK","HHDEBT","TOT","PC_NDI","A","1995",192.7977,
"DNK","HHDEBT","TOT","PC_NDI","A","1996",200.1547,
"DNK","HHDEBT","TOT","PC_NDI","A","1997",213.491,
"DNK","HHDEBT","TOT","PC_NDI","A","1998",221.4437,
"DNK","HHDEBT","TOT","PC_NDI","A","1999",225.5847,
"DNK","HHDEBT","TOT","PC_NDI","A","2000",232.1425,
"DNK","HHDEBT","TOT","PC_NDI","A","2001",236.7646,
"DNK","HHDEBT","TOT","PC_NDI","A","2002",242.52,
"DNK","HHDEBT","TOT","PC_NDI","A","2003",247.9129,
"DNK","HHDEBT","TOT","PC_NDI","A","2004",261.5377,
"DNK","HHDEBT","TOT","PC_NDI","A","2005",281.7372,
"DNK","HHDEBT","TOT","PC_NDI","A","2006",299.3419,
"DNK","HHDEBT","TOT","PC_NDI","A","2007",324.6386,
"DNK","HHDEBT","TOT","PC_NDI","A","2008",339.7779,
"DNK","HHDEBT","TOT","PC_NDI","A","2009",339.7609,
"DNK","HHDEBT","TOT","PC_NDI","A","2010",326.155,
"DNK","HHDEBT","TOT","PC_NDI","A","2011",319.9125,
"DNK","HHDEBT","TOT","PC_NDI","A","2012",314.2155,
"DNK","HHDEBT","TOT","PC_NDI","A","2013",305.8037,
"DNK","HHDEBT","TOT","PC_NDI","A","2014",305.774,
"DNK","HHDEBT","TOT","PC_NDI","A","2015",293.0566,
"DNK","HHDEBT","TOT","PC_NDI","A","2016",262.4675,
"DNK","HHDEBT","TOT","PC_NDI","A","2017",260.6837,
"DNK","HHDEBT","TOT","PC_NDI","A","2018",252.9872,
"DNK","HHDEBT","TOT","PC_NDI","A","2019",253.1916,
"DNK","HHDEBT","TOT","PC_NDI","A","2020",259.2027,
"DNK","HHDEBT","TOT","PC_NDI","A","2021",254.5789,
"DNK","HHDEBT","TOT","PC_NDI","A","2022",215.1244,
"FIN","HHDEBT","TOT","PC_NDI","A","1995",73.46716,
"FIN","HHDEBT","TOT","PC_NDI","A","1996",68.20261,
"FIN","HHDEBT","TOT","PC_NDI","A","1997",62.38225,
"FIN","HHDEBT","TOT","PC_NDI","A","1998",63.93,
"FIN","HHDEBT","TOT","PC_NDI","A","1999",64.83627,
"FIN","HHDEBT","TOT","PC_NDI","A","2000",67.60674,
"FIN","HHDEBT","TOT","PC_NDI","A","2001",69.73647,
"FIN","HHDEBT","TOT","PC_NDI","A","2002",74.28253,
"FIN","HHDEBT","TOT","PC_NDI","A","2003",78.52239,
"FIN","HHDEBT","TOT","PC_NDI","A","2004",86.56441,
"FIN","HHDEBT","TOT","PC_NDI","A","2005",96.91522,
"FIN","HHDEBT","TOT","PC_NDI","A","2006",107.0512,
"FIN","HHDEBT","TOT","PC_NDI","A","2007",111.8997,
"FIN","HHDEBT","TOT","PC_NDI","A","2008",114.437,
"FIN","HHDEBT","TOT","PC_NDI","A","2009",114.8615,
"FIN","HHDEBT","TOT","PC_NDI","A","2010",116.7394,
"FIN","HHDEBT","TOT","PC_NDI","A","2011",120.157,
"FIN","HHDEBT","TOT","PC_NDI","A","2012",121.6654,
"FIN","HHDEBT","TOT","PC_NDI","A","2013",122.2347,
"FIN","HHDEBT","TOT","PC_NDI","A","2014",122.1285,
"FIN","HHDEBT","TOT","PC_NDI","A","2015",125.3838,
"FIN","HHDEBT","TOT","PC_NDI","A","2016",131.6723,
"FIN","HHDEBT","TOT","PC_NDI","A","2017",137.478,
"FIN","HHDEBT","TOT","PC_NDI","A","2018",144.1821,
"FIN","HHDEBT","TOT","PC_NDI","A","2019",147.3278,
"FIN","HHDEBT","TOT","PC_NDI","A","2020",154.0833,
"FIN","HHDEBT","TOT","PC_NDI","A","2021",154.9309,
"FRA","HHDEBT","TOT","PC_NDI","A","1995",68.6235,
"FRA","HHDEBT","TOT","PC_NDI","A","1996",71.24432,
"FRA","HHDEBT","TOT","PC_NDI","A","1997",74.94621,
"FRA","HHDEBT","TOT","PC_NDI","A","1998",75.34821,
"FRA","HHDEBT","TOT","PC_NDI","A","1999",77.97491,
"FRA","HHDEBT","TOT","PC_NDI","A","2000",76.50024,
"FRA","HHDEBT","TOT","PC_NDI","A","2001",78.59366,
"FRA","HHDEBT","TOT","PC_NDI","A","2002",81.03689,
"FRA","HHDEBT","TOT","PC_NDI","A","2003",85.13754,
"FRA","HHDEBT","TOT","PC_NDI","A","2004",86.87676,
"FRA","HHDEBT","TOT","PC_NDI","A","2005",92.30894,
"FRA","HHDEBT","TOT","PC_NDI","A","2006",97.27893,
"FRA","HHDEBT","TOT","PC_NDI","A","2007",101.0741,
"FRA","HHDEBT","TOT","PC_NDI","A","2008",102.7998,
"FRA","HHDEBT","TOT","PC_NDI","A","2009",109.3832,
"FRA","HHDEBT","TOT","PC_NDI","A","2010",112.8121,
"FRA","HHDEBT","TOT","PC_NDI","A","2011",113.4587,
"FRA","HHDEBT","TOT","PC_NDI","A","2012",108.2649,
"FRA","HHDEBT","TOT","PC_NDI","A","2013",110.3357,
"FRA","HHDEBT","TOT","PC_NDI","A","2014",111.1832,
"FRA","HHDEBT","TOT","PC_NDI","A","2015",115.4928,
"FRA","HHDEBT","TOT","PC_NDI","A","2016",115.8367,
"FRA","HHDEBT","TOT","PC_NDI","A","2017",119.7405,
"FRA","HHDEBT","TOT","PC_NDI","A","2018",119.5684,
"FRA","HHDEBT","TOT","PC_NDI","A","2019",121.2284,
"FRA","HHDEBT","TOT","PC_NDI","A","2020",124.4132,
"FRA","HHDEBT","TOT","PC_NDI","A","2021",125.6192,
"DEU","HHDEBT","TOT","PC_NDI","A","1995",98.38999,
"DEU","HHDEBT","TOT","PC_NDI","A","1996",102.936,
"DEU","HHDEBT","TOT","PC_NDI","A","1997",106.7141,
"DEU","HHDEBT","TOT","PC_NDI","A","1998",111.3736,
"DEU","HHDEBT","TOT","PC_NDI","A","1999",116.2119,
"DEU","HHDEBT","TOT","PC_NDI","A","2000",118.4232,
"DEU","HHDEBT","TOT","PC_NDI","A","2001",114.7619,
"DEU","HHDEBT","TOT","PC_NDI","A","2002",116.0388,
"DEU","HHDEBT","TOT","PC_NDI","A","2003",114.5731,
"DEU","HHDEBT","TOT","PC_NDI","A","2004",112.8574,
"DEU","HHDEBT","TOT","PC_NDI","A","2005",110.7233,
"DEU","HHDEBT","TOT","PC_NDI","A","2006",108.1574,
"DEU","HHDEBT","TOT","PC_NDI","A","2007",105.1233,
"DEU","HHDEBT","TOT","PC_NDI","A","2008",101.8345,
"DEU","HHDEBT","TOT","PC_NDI","A","2009",102.595,
"DEU","HHDEBT","TOT","PC_NDI","A","2010",100.595,
"DEU","HHDEBT","TOT","PC_NDI","A","2011",98.38264,
"DEU","HHDEBT","TOT","PC_NDI","A","2012",97.21162,
"DEU","HHDEBT","TOT","PC_NDI","A","2013",96.55453,
"DEU","HHDEBT","TOT","PC_NDI","A","2014",95.58609,
"DEU","HHDEBT","TOT","PC_NDI","A","2015",95.01842,
"DEU","HHDEBT","TOT","PC_NDI","A","2016",94.53343,
"DEU","HHDEBT","TOT","PC_NDI","A","2017",94.67052,
"DEU","HHDEBT","TOT","PC_NDI","A","2018",93.24641,
"DEU","HHDEBT","TOT","PC_NDI","A","2019",95.66115,
"DEU","HHDEBT","TOT","PC_NDI","A","2020",98.6255,
"DEU","HHDEBT","TOT","PC_NDI","A","2021",101.5084,
"GRC","HHDEBT","TOT","PC_NDI","A","1995",17.00223,
"GRC","HHDEBT","TOT","PC_NDI","A","1996",20.50076,
"GRC","HHDEBT","TOT","PC_NDI","A","1997",22.81792,
"GRC","HHDEBT","TOT","PC_NDI","A","1998",22.3881,
"GRC","HHDEBT","TOT","PC_NDI","A","1999",24.61886,
"GRC","HHDEBT","TOT","PC_NDI","A","2000",31.42027,
"GRC","HHDEBT","TOT","PC_NDI","A","2001",38.37111,
"GRC","HHDEBT","TOT","PC_NDI","A","2002",44.6925,
"GRC","HHDEBT","TOT","PC_NDI","A","2003",48.61452,
"GRC","HHDEBT","TOT","PC_NDI","A","2004",56.24611,
"GRC","HHDEBT","TOT","PC_NDI","A","2005",68.35825,
"GRC","HHDEBT","TOT","PC_NDI","A","2006",75.11936,
"GRC","HHDEBT","TOT","PC_NDI","A","2007",83.6249,
"GRC","HHDEBT","TOT","PC_NDI","A","2008",87.75383,
"GRC","HHDEBT","TOT","PC_NDI","A","2009",88.40666,
"GRC","HHDEBT","TOT","PC_NDI","A","2010",107.4271,
"GRC","HHDEBT","TOT","PC_NDI","A","2011",115.007,
"GRC","HHDEBT","TOT","PC_NDI","A","2012",126.3653,
"GRC","HHDEBT","TOT","PC_NDI","A","2013",126.431,
"GRC","HHDEBT","TOT","PC_NDI","A","2014",119.5403,
"GRC","HHDEBT","TOT","PC_NDI","A","2015",113.5173,
"GRC","HHDEBT","TOT","PC_NDI","A","2016",108.9481,
"GRC","HHDEBT","TOT","PC_NDI","A","2017",105.7522,
"GRC","HHDEBT","TOT","PC_NDI","A","2018",106.094,
"GRC","HHDEBT","TOT","PC_NDI","A","2019",95.54948,
"GRC","HHDEBT","TOT","PC_NDI","A","2020",97.53716,
"GRC","HHDEBT","TOT","PC_NDI","A","2021",92.68852,
"HUN","HHDEBT","TOT","PC_NDI","A","1995",18.34781,
"HUN","HHDEBT","TOT","PC_NDI","A","1996",16.81694,
"HUN","HHDEBT","TOT","PC_NDI","A","1997",16.63759,
"HUN","HHDEBT","TOT","PC_NDI","A","1998",15.96225,
"HUN","HHDEBT","TOT","PC_NDI","A","1999",17.56235,
"HUN","HHDEBT","TOT","PC_NDI","A","2000",20.67857,
"HUN","HHDEBT","TOT","PC_NDI","A","2001",23.835,
"HUN","HHDEBT","TOT","PC_NDI","A","2002",30.68514,
"HUN","HHDEBT","TOT","PC_NDI","A","2003",39.27819,
"HUN","HHDEBT","TOT","PC_NDI","A","2004",43.81218,
"HUN","HHDEBT","TOT","PC_NDI","A","2005",49.27541,
"HUN","HHDEBT","TOT","PC_NDI","A","2006",55.61574,
"HUN","HHDEBT","TOT","PC_NDI","A","2007",64.18273,
"HUN","HHDEBT","TOT","PC_NDI","A","2008",77.20951,
"HUN","HHDEBT","TOT","PC_NDI","A","2009",77.97704,
"HUN","HHDEBT","TOT","PC_NDI","A","2010",81.30939,
"HUN","HHDEBT","TOT","PC_NDI","A","2011",75.33401,
"HUN","HHDEBT","TOT","PC_NDI","A","2012",65.00087,
"HUN","HHDEBT","TOT","PC_NDI","A","2013",59.31675,
"HUN","HHDEBT","TOT","PC_NDI","A","2014",56.25032,
"HUN","HHDEBT","TOT","PC_NDI","A","2015",48.717,
"HUN","HHDEBT","TOT","PC_NDI","A","2016",46.01411,
"HUN","HHDEBT","TOT","PC_NDI","A","2017",42.38758,
"HUN","HHDEBT","TOT","PC_NDI","A","2018",39.55639,
"HUN","HHDEBT","TOT","PC_NDI","A","2019",40.93265,
"HUN","HHDEBT","TOT","PC_NDI","A","2020",44.86034,
"HUN","HHDEBT","TOT","PC_NDI","A","2021",45.0821,
"IRL","HHDEBT","TOT","PC_NDI","A","1995",58.83418,
"IRL","HHDEBT","TOT","PC_NDI","A","1996",62.11961,
"IRL","HHDEBT","TOT","PC_NDI","A","1997",69.01328,
"IRL","HHDEBT","TOT","PC_NDI","A","1998",73.27811,
"IRL","HHDEBT","TOT","PC_NDI","A","1999",85.44194,
"IRL","HHDEBT","TOT","PC_NDI","A","2000",91.10406,
"IRL","HHDEBT","TOT","PC_NDI","A","2001",110.0203,
"IRL","HHDEBT","TOT","PC_NDI","A","2002",125.4432,
"IRL","HHDEBT","TOT","PC_NDI","A","2003",145.3114,
"IRL","HHDEBT","TOT","PC_NDI","A","2004",167.883,
"IRL","HHDEBT","TOT","PC_NDI","A","2005",198.1109,
"IRL","HHDEBT","TOT","PC_NDI","A","2006",221.4482,
"IRL","HHDEBT","TOT","PC_NDI","A","2007",231.9487,
"IRL","HHDEBT","TOT","PC_NDI","A","2008",227.3239,
"IRL","HHDEBT","TOT","PC_NDI","A","2009",235.8355,
"IRL","HHDEBT","TOT","PC_NDI","A","2010",225.925,
"IRL","HHDEBT","TOT","PC_NDI","A","2011",234.236,
"IRL","HHDEBT","TOT","PC_NDI","A","2012",219.7951,
"IRL","HHDEBT","TOT","PC_NDI","A","2013",215.2435,
"IRL","HHDEBT","TOT","PC_NDI","A","2014",201.4676,
"IRL","HHDEBT","TOT","PC_NDI","A","2015",181.5938,
"IRL","HHDEBT","TOT","PC_NDI","A","2016",166.014,
"IRL","HHDEBT","TOT","PC_NDI","A","2017",154.5387,
"IRL","HHDEBT","TOT","PC_NDI","A","2018",146.6545,
"IRL","HHDEBT","TOT","PC_NDI","A","2019",136.9545,
"IRL","HHDEBT","TOT","PC_NDI","A","2020",119.8275,
"IRL","HHDEBT","TOT","PC_NDI","A","2021",111.4106,
"ITA","HHDEBT","TOT","PC_NDI","A","1995",38.35354,
"ITA","HHDEBT","TOT","PC_NDI","A","1996",39.51656,
"ITA","HHDEBT","TOT","PC_NDI","A","1997",42.01767,
"ITA","HHDEBT","TOT","PC_NDI","A","1998",44.32799,
"ITA","HHDEBT","TOT","PC_NDI","A","1999",49.16126,
"ITA","HHDEBT","TOT","PC_NDI","A","2000",53.0039,
"ITA","HHDEBT","TOT","PC_NDI","A","2001",55.15214,
"ITA","HHDEBT","TOT","PC_NDI","A","2002",58.04044,
"ITA","HHDEBT","TOT","PC_NDI","A","2003",61.27182,
"ITA","HHDEBT","TOT","PC_NDI","A","2004",65.03957,
"ITA","HHDEBT","TOT","PC_NDI","A","2005",70.17577,
"ITA","HHDEBT","TOT","PC_NDI","A","2006",75.09468,
"ITA","HHDEBT","TOT","PC_NDI","A","2007",79.25967,
"ITA","HHDEBT","TOT","PC_NDI","A","2008",80.81122,
"ITA","HHDEBT","TOT","PC_NDI","A","2009",85.69257,
"ITA","HHDEBT","TOT","PC_NDI","A","2010",89.52713,
"ITA","HHDEBT","TOT","PC_NDI","A","2011",89.0216,
"ITA","HHDEBT","TOT","PC_NDI","A","2012",91.06387,
"ITA","HHDEBT","TOT","PC_NDI","A","2013",89.54887,
"ITA","HHDEBT","TOT","PC_NDI","A","2014",88.52353,
"ITA","HHDEBT","TOT","PC_NDI","A","2015",87.4938,
"ITA","HHDEBT","TOT","PC_NDI","A","2016",87.2366,
"ITA","HHDEBT","TOT","PC_NDI","A","2017",86.70167,
"ITA","HHDEBT","TOT","PC_NDI","A","2018",86.56284,
"ITA","HHDEBT","TOT","PC_NDI","A","2019",88.00363,
"ITA","HHDEBT","TOT","PC_NDI","A","2020",90.49817,
"ITA","HHDEBT","TOT","PC_NDI","A","2021",90.75745,
"JPN","HHDEBT","TOT","PC_NDI","A","1995",110.0281,
"JPN","HHDEBT","TOT","PC_NDI","A","1996",114.7519,
"JPN","HHDEBT","TOT","PC_NDI","A","1997",114.539,
"JPN","HHDEBT","TOT","PC_NDI","A","1998",113.0671,
"JPN","HHDEBT","TOT","PC_NDI","A","1999",115.8845,
"JPN","HHDEBT","TOT","PC_NDI","A","2000",116.6432,
"JPN","HHDEBT","TOT","PC_NDI","A","2001",119.7874,
"JPN","HHDEBT","TOT","PC_NDI","A","2002",119.0439,
"JPN","HHDEBT","TOT","PC_NDI","A","2003",118.5159,
"JPN","HHDEBT","TOT","PC_NDI","A","2004",116.5005,
"JPN","HHDEBT","TOT","PC_NDI","A","2005",116.0812,
"JPN","HHDEBT","TOT","PC_NDI","A","2006",112.9059,
"JPN","HHDEBT","TOT","PC_NDI","A","2007",110.0852,
"JPN","HHDEBT","TOT","PC_NDI","A","2008",108.9272,
"JPN","HHDEBT","TOT","PC_NDI","A","2009",109.3865,
"JPN","HHDEBT","TOT","PC_NDI","A","2010",107.7039,
"JPN","HHDEBT","TOT","PC_NDI","A","2011",108.2775,
"JPN","HHDEBT","TOT","PC_NDI","A","2012",108.2862,
"JPN","HHDEBT","TOT","PC_NDI","A","2013",110.081,
"JPN","HHDEBT","TOT","PC_NDI","A","2014",111.3989,
"JPN","HHDEBT","TOT","PC_NDI","A","2015",112.1473,
"JPN","HHDEBT","TOT","PC_NDI","A","2016",113.5613,
"JPN","HHDEBT","TOT","PC_NDI","A","2017",115.163,
"JPN","HHDEBT","TOT","PC_NDI","A","2018",116.6238,
"JPN","HHDEBT","TOT","PC_NDI","A","2019",116.5757,
"JPN","HHDEBT","TOT","PC_NDI","A","2020",115.4682,
"JPN","HHDEBT","TOT","PC_NDI","A","2021",121.5772,
"KOR","HHDEBT","TOT","PC_NDI","A","2008",138.4568,
"KOR","HHDEBT","TOT","PC_NDI","A","2009",143.0346,
"KOR","HHDEBT","TOT","PC_NDI","A","2010",147.5311,
"KOR","HHDEBT","TOT","PC_NDI","A","2011",152.9024,
"KOR","HHDEBT","TOT","PC_NDI","A","2012",153.9483,
"KOR","HHDEBT","TOT","PC_NDI","A","2013",154.88,
"KOR","HHDEBT","TOT","PC_NDI","A","2014",158.0058,
"KOR","HHDEBT","TOT","PC_NDI","A","2015",162.2843,
"KOR","HHDEBT","TOT","PC_NDI","A","2016",174.5221,
"KOR","HHDEBT","TOT","PC_NDI","A","2017",181.8061,
"KOR","HHDEBT","TOT","PC_NDI","A","2018",184.9868,
"KOR","HHDEBT","TOT","PC_NDI","A","2019",188.188,
"KOR","HHDEBT","TOT","PC_NDI","A","2020",197.7947,
"KOR","HHDEBT","TOT","PC_NDI","A","2021",206.4822,
"LUX","HHDEBT","TOT","PC_NDI","A","1995",78.78325,
"LUX","HHDEBT","TOT","PC_NDI","A","1996",80.2935,
"LUX","HHDEBT","TOT","PC_NDI","A","1997",82.03632,
"LUX","HHDEBT","TOT","PC_NDI","A","1998",80.82133,
"LUX","HHDEBT","TOT","PC_NDI","A","1999",88.41351,
"LUX","HHDEBT","TOT","PC_NDI","A","2000",90.61988,
"LUX","HHDEBT","TOT","PC_NDI","A","2001",89.69409,
"LUX","HHDEBT","TOT","PC_NDI","A","2002",87.57766,
"LUX","HHDEBT","TOT","PC_NDI","A","2003",97.2077,
"LUX","HHDEBT","TOT","PC_NDI","A","2004",103.5529,
"LUX","HHDEBT","TOT","PC_NDI","A","2005",114.0555,
"LUX","HHDEBT","TOT","PC_NDI","A","2006",121.155,
"LUX","HHDEBT","TOT","PC_NDI","A","2007",141.2745,
"LUX","HHDEBT","TOT","PC_NDI","A","2008",144.2627,
"LUX","HHDEBT","TOT","PC_NDI","A","2009",146.9687,
"LUX","HHDEBT","TOT","PC_NDI","A","2010",153.248,
"LUX","HHDEBT","TOT","PC_NDI","A","2011",156.252,
"LUX","HHDEBT","TOT","PC_NDI","A","2012",160.8915,
"LUX","HHDEBT","TOT","PC_NDI","A","2013",157.3643,
"LUX","HHDEBT","TOT","PC_NDI","A","2014",164.8239,
"LUX","HHDEBT","TOT","PC_NDI","A","2015",170.8912,
"LUX","HHDEBT","TOT","PC_NDI","A","2016",177.3573,
"LUX","HHDEBT","TOT","PC_NDI","A","2017",177.2152,
"LUX","HHDEBT","TOT","PC_NDI","A","2018",184.5575,
"LUX","HHDEBT","TOT","PC_NDI","A","2019",185.1438,
"LUX","HHDEBT","TOT","PC_NDI","A","2020",184.2476,
"LUX","HHDEBT","TOT","PC_NDI","A","2021",193.187,
"MEX","HHDEBT","TOT","PC_NDI","A","2003",12.86651,
"MEX","HHDEBT","TOT","PC_NDI","A","2004",13.87679,
"MEX","HHDEBT","TOT","PC_NDI","A","2005",15.11438,
"MEX","HHDEBT","TOT","PC_NDI","A","2006",15.90268,
"MEX","HHDEBT","TOT","PC_NDI","A","2007",16.55776,
"MEX","HHDEBT","TOT","PC_NDI","A","2008",16.45429,
"MEX","HHDEBT","TOT","PC_NDI","A","2009",19.01519,
"MEX","HHDEBT","TOT","PC_NDI","A","2010",19.17005,
"MEX","HHDEBT","TOT","PC_NDI","A","2011",19.45403,
"MEX","HHDEBT","TOT","PC_NDI","A","2012",20.62302,
"MEX","HHDEBT","TOT","PC_NDI","A","2013",21.73676,
"MEX","HHDEBT","TOT","PC_NDI","A","2014",22.07482,
"MEX","HHDEBT","TOT","PC_NDI","A","2015",24.36813,
"MEX","HHDEBT","TOT","PC_NDI","A","2016",25.91927,
"MEX","HHDEBT","TOT","PC_NDI","A","2017",26.6737,
"MEX","HHDEBT","TOT","PC_NDI","A","2018",22.96697,
"MEX","HHDEBT","TOT","PC_NDI","A","2019",21.80597,
"MEX","HHDEBT","TOT","PC_NDI","A","2020",27.60617,
"MEX","HHDEBT","TOT","PC_NDI","A","2021",25.62392,
"NLD","HHDEBT","TOT","PC_NDI","A","1995",149.5933,
"NLD","HHDEBT","TOT","PC_NDI","A","1996",159.1654,
"NLD","HHDEBT","TOT","PC_NDI","A","1997",166.6306,
"NLD","HHDEBT","TOT","PC_NDI","A","1998",178.0936,
"NLD","HHDEBT","TOT","PC_NDI","A","1999",192.1493,
"NLD","HHDEBT","TOT","PC_NDI","A","2000",201.933,
"NLD","HHDEBT","TOT","PC_NDI","A","2001",197.9509,
"NLD","HHDEBT","TOT","PC_NDI","A","2002",208.4817,
"NLD","HHDEBT","TOT","PC_NDI","A","2003",225.1788,
"NLD","HHDEBT","TOT","PC_NDI","A","2004",235.0297,
"NLD","HHDEBT","TOT","PC_NDI","A","2005",251.4422,
"NLD","HHDEBT","TOT","PC_NDI","A","2006",252.3544,
"NLD","HHDEBT","TOT","PC_NDI","A","2007",257.2502,
"NLD","HHDEBT","TOT","PC_NDI","A","2008",265.5835,
"NLD","HHDEBT","TOT","PC_NDI","A","2009",277.9042,
"NLD","HHDEBT","TOT","PC_NDI","A","2010",281.9512,
"NLD","HHDEBT","TOT","PC_NDI","A","2011",274.8523,
"NLD","HHDEBT","TOT","PC_NDI","A","2012",272.6719,
"NLD","HHDEBT","TOT","PC_NDI","A","2013",267.548,
"NLD","HHDEBT","TOT","PC_NDI","A","2014",253.614,
"NLD","HHDEBT","TOT","PC_NDI","A","2015",251.2049,
"NLD","HHDEBT","TOT","PC_NDI","A","2016",246.5869,
"NLD","HHDEBT","TOT","PC_NDI","A","2017",244.7959,
"NLD","HHDEBT","TOT","PC_NDI","A","2018",236.9465,
"NLD","HHDEBT","TOT","PC_NDI","A","2019",228.7426,
"NLD","HHDEBT","TOT","PC_NDI","A","2020",224.8684,
"NLD","HHDEBT","TOT","PC_NDI","A","2021",222.0687,
"NOR","HHDEBT","TOT","PC_NDI","A","1995",123.7335,
"NOR","HHDEBT","TOT","PC_NDI","A","1996",125.1789,
"NOR","HHDEBT","TOT","PC_NDI","A","1997",127.5436,
"NOR","HHDEBT","TOT","PC_NDI","A","1998",125.9942,
"NOR","HHDEBT","TOT","PC_NDI","A","1999",129.7374,
"NOR","HHDEBT","TOT","PC_NDI","A","2000",135.7387,
"NOR","HHDEBT","TOT","PC_NDI","A","2001",148.7804,
"NOR","HHDEBT","TOT","PC_NDI","A","2002",148.2917,
"NOR","HHDEBT","TOT","PC_NDI","A","2003",151.9745,
"NOR","HHDEBT","TOT","PC_NDI","A","2004",161.5356,
"NOR","HHDEBT","TOT","PC_NDI","A","2005",167.2795,
"NOR","HHDEBT","TOT","PC_NDI","A","2006",199.3004,
"NOR","HHDEBT","TOT","PC_NDI","A","2007",208.6262,
"NOR","HHDEBT","TOT","PC_NDI","A","2008",209.0518,
"NOR","HHDEBT","TOT","PC_NDI","A","2009",207.7619,
"NOR","HHDEBT","TOT","PC_NDI","A","2010",212.1707,
"NOR","HHDEBT","TOT","PC_NDI","A","2011",216.0446,
"NOR","HHDEBT","TOT","PC_NDI","A","2012",220.0219,
"NOR","HHDEBT","TOT","PC_NDI","A","2013",221.7156,
"NOR","HHDEBT","TOT","PC_NDI","A","2014",225.4316,
"NOR","HHDEBT","TOT","PC_NDI","A","2015",222.076,
"NOR","HHDEBT","TOT","PC_NDI","A","2016",231.7662,
"NOR","HHDEBT","TOT","PC_NDI","A","2017",236.4836,
"NOR","HHDEBT","TOT","PC_NDI","A","2018",242.2,
"NOR","HHDEBT","TOT","PC_NDI","A","2019",243.743,
"NOR","HHDEBT","TOT","PC_NDI","A","2020",249.9742,
"NOR","HHDEBT","TOT","PC_NDI","A","2021",246.7887,
"POL","HHDEBT","TOT","PC_NDI","A","1995",3.32322,
"POL","HHDEBT","TOT","PC_NDI","A","1996",5.427808,
"POL","HHDEBT","TOT","PC_NDI","A","1997",7.06105,
"POL","HHDEBT","TOT","PC_NDI","A","1998",10.3012,
"POL","HHDEBT","TOT","PC_NDI","A","1999",10.72194,
"POL","HHDEBT","TOT","PC_NDI","A","2000",11.82697,
"POL","HHDEBT","TOT","PC_NDI","A","2001",17.74195,
"POL","HHDEBT","TOT","PC_NDI","A","2002",22.33593,
"POL","HHDEBT","TOT","PC_NDI","A","2003",19.7753,
"POL","HHDEBT","TOT","PC_NDI","A","2004",21.50355,
"POL","HHDEBT","TOT","PC_NDI","A","2005",24.99956,
"POL","HHDEBT","TOT","PC_NDI","A","2006",31.09837,
"POL","HHDEBT","TOT","PC_NDI","A","2007",39.34394,
"POL","HHDEBT","TOT","PC_NDI","A","2008",51.47395,
"POL","HHDEBT","TOT","PC_NDI","A","2009",52.85893,
"POL","HHDEBT","TOT","PC_NDI","A","2010",56.07793,
"POL","HHDEBT","TOT","PC_NDI","A","2011",59.47936,
"POL","HHDEBT","TOT","PC_NDI","A","2012",57.44781,
"POL","HHDEBT","TOT","PC_NDI","A","2013",59.51652,
"POL","HHDEBT","TOT","PC_NDI","A","2014",59.66688,
"POL","HHDEBT","TOT","PC_NDI","A","2015",61.646,
"POL","HHDEBT","TOT","PC_NDI","A","2016",61.62406,
"POL","HHDEBT","TOT","PC_NDI","A","2017",59.61995,
"POL","HHDEBT","TOT","PC_NDI","A","2018",60.42514,
"POL","HHDEBT","TOT","PC_NDI","A","2019",59.85767,
"POL","HHDEBT","TOT","PC_NDI","A","2020",57.19848,
"POL","HHDEBT","TOT","PC_NDI","A","2021",59.08497,
"PRT","HHDEBT","TOT","PC_NDI","A","1995",59.867,
"PRT","HHDEBT","TOT","PC_NDI","A","1996",66.84929,
"PRT","HHDEBT","TOT","PC_NDI","A","1997",73.58022,
"PRT","HHDEBT","TOT","PC_NDI","A","1998",82.001,
"PRT","HHDEBT","TOT","PC_NDI","A","1999",96.5836,
"PRT","HHDEBT","TOT","PC_NDI","A","2000",106.6021,
"PRT","HHDEBT","TOT","PC_NDI","A","2001",114.3024,
"PRT","HHDEBT","TOT","PC_NDI","A","2002",119.0201,
"PRT","HHDEBT","TOT","PC_NDI","A","2003",125.0183,
"PRT","HHDEBT","TOT","PC_NDI","A","2004",131.7297,
"PRT","HHDEBT","TOT","PC_NDI","A","2005",138.2117,
"PRT","HHDEBT","TOT","PC_NDI","A","2006",146.3706,
"PRT","HHDEBT","TOT","PC_NDI","A","2007",150.6167,
"PRT","HHDEBT","TOT","PC_NDI","A","2008",149.6765,
"PRT","HHDEBT","TOT","PC_NDI","A","2009",150.3206,
"PRT","HHDEBT","TOT","PC_NDI","A","2010",149.3176,
"PRT","HHDEBT","TOT","PC_NDI","A","2011",157.0456,
"PRT","HHDEBT","TOT","PC_NDI","A","2012",155.217,
"PRT","HHDEBT","TOT","PC_NDI","A","2013",149.9986,
"PRT","HHDEBT","TOT","PC_NDI","A","2014",147.0777,
"PRT","HHDEBT","TOT","PC_NDI","A","2015",140.5023,
"PRT","HHDEBT","TOT","PC_NDI","A","2016",133.5753,
"PRT","HHDEBT","TOT","PC_NDI","A","2017",130.9084,
"PRT","HHDEBT","TOT","PC_NDI","A","2018",126.3562,
"PRT","HHDEBT","TOT","PC_NDI","A","2019",121.697,
"PRT","HHDEBT","TOT","PC_NDI","A","2020",127.3719,
"PRT","HHDEBT","TOT","PC_NDI","A","2021",126.4971,
"PRT","HHDEBT","TOT","PC_NDI","A","2022",123.0456,
"SVK","HHDEBT","TOT","PC_NDI","A","1995",56.29591,
"SVK","HHDEBT","TOT","PC_NDI","A","1996",49.02895,
"SVK","HHDEBT","TOT","PC_NDI","A","1997",43.50783,
"SVK","HHDEBT","TOT","PC_NDI","A","1998",39.52613,
"SVK","HHDEBT","TOT","PC_NDI","A","1999",37.89861,
"SVK","HHDEBT","TOT","PC_NDI","A","2000",39.77348,
"SVK","HHDEBT","TOT","PC_NDI","A","2001",39.22822,
"SVK","HHDEBT","TOT","PC_NDI","A","2002",40.92759,
"SVK","HHDEBT","TOT","PC_NDI","A","2003",41.39043,
"SVK","HHDEBT","TOT","PC_NDI","A","2004",34.6585,
"SVK","HHDEBT","TOT","PC_NDI","A","2005",37.3141,
"SVK","HHDEBT","TOT","PC_NDI","A","2006",36.21619,
"SVK","HHDEBT","TOT","PC_NDI","A","2007",40.09341,
"SVK","HHDEBT","TOT","PC_NDI","A","2008",48.9555,
"SVK","HHDEBT","TOT","PC_NDI","A","2009",45.84687,
"SVK","HHDEBT","TOT","PC_NDI","A","2010",46.73301,
"SVK","HHDEBT","TOT","PC_NDI","A","2011",50.61625,
"SVK","HHDEBT","TOT","PC_NDI","A","2012",57.00561,
"SVK","HHDEBT","TOT","PC_NDI","A","2013",60.92472,
"SVK","HHDEBT","TOT","PC_NDI","A","2014",65.61899,
"SVK","HHDEBT","TOT","PC_NDI","A","2015",68.54903,
"SVK","HHDEBT","TOT","PC_NDI","A","2016",73.8983,
"SVK","HHDEBT","TOT","PC_NDI","A","2017",74.20042,
"SVK","HHDEBT","TOT","PC_NDI","A","2018",74.21224,
"SVK","HHDEBT","TOT","PC_NDI","A","2019",76.43783,
"SVK","HHDEBT","TOT","PC_NDI","A","2020",82.47587,
"SVK","HHDEBT","TOT","PC_NDI","A","2021",85.35746,
"SVK","HHDEBT","TOT","PC_NDI","A","2022",85.0907,
"ESP","HHDEBT","TOT","PC_NDI","A","1995",64.01708,
"ESP","HHDEBT","TOT","PC_NDI","A","1996",64.77859,
"ESP","HHDEBT","TOT","PC_NDI","A","1997",67.05067,
"ESP","HHDEBT","TOT","PC_NDI","A","1998",72.68475,
"ESP","HHDEBT","TOT","PC_NDI","A","1999",79.93459,
"ESP","HHDEBT","TOT","PC_NDI","A","2000",84.66525,
"ESP","HHDEBT","TOT","PC_NDI","A","2001",87.19019,
"ESP","HHDEBT","TOT","PC_NDI","A","2002",94.61031,
"ESP","HHDEBT","TOT","PC_NDI","A","2003",102.7121,
"ESP","HHDEBT","TOT","PC_NDI","A","2004",114.5074,
"ESP","HHDEBT","TOT","PC_NDI","A","2005",126.9269,
"ESP","HHDEBT","TOT","PC_NDI","A","2006",142.1469,
"ESP","HHDEBT","TOT","PC_NDI","A","2007",149.1548,
"ESP","HHDEBT","TOT","PC_NDI","A","2008",146.4012,
"ESP","HHDEBT","TOT","PC_NDI","A","2009",145.9195,
"ESP","HHDEBT","TOT","PC_NDI","A","2010",145.9475,
"ESP","HHDEBT","TOT","PC_NDI","A","2011",140.2461,
"ESP","HHDEBT","TOT","PC_NDI","A","2012",141.3398,
"ESP","HHDEBT","TOT","PC_NDI","A","2013",133.5869,
"ESP","HHDEBT","TOT","PC_NDI","A","2014",127.6334,
"ESP","HHDEBT","TOT","PC_NDI","A","2015",118.0253,
"ESP","HHDEBT","TOT","PC_NDI","A","2016",113.3119,
"ESP","HHDEBT","TOT","PC_NDI","A","2017",109.2565,
"ESP","HHDEBT","TOT","PC_NDI","A","2018",106.3022,
"ESP","HHDEBT","TOT","PC_NDI","A","2019",101.2633,
"ESP","HHDEBT","TOT","PC_NDI","A","2020",102.6728,
"ESP","HHDEBT","TOT","PC_NDI","A","2021",101.137,
"SWE","HHDEBT","TOT","PC_NDI","A","1995",92.00771,
"SWE","HHDEBT","TOT","PC_NDI","A","1996",94.17485,
"SWE","HHDEBT","TOT","PC_NDI","A","1997",98.83875,
"SWE","HHDEBT","TOT","PC_NDI","A","1998",102.4494,
"SWE","HHDEBT","TOT","PC_NDI","A","1999",106.0217,
"SWE","HHDEBT","TOT","PC_NDI","A","2000",109.6496,
"SWE","HHDEBT","TOT","PC_NDI","A","2001",120.6558,
"SWE","HHDEBT","TOT","PC_NDI","A","2002",122.929,
"SWE","HHDEBT","TOT","PC_NDI","A","2003",129.0301,
"SWE","HHDEBT","TOT","PC_NDI","A","2004",138.784,
"SWE","HHDEBT","TOT","PC_NDI","A","2005",147.7754,
"SWE","HHDEBT","TOT","PC_NDI","A","2006",153.9149,
"SWE","HHDEBT","TOT","PC_NDI","A","2007",157.2193,
"SWE","HHDEBT","TOT","PC_NDI","A","2008",157.6859,
"SWE","HHDEBT","TOT","PC_NDI","A","2009",163.7284,
"SWE","HHDEBT","TOT","PC_NDI","A","2010",168.9781,
"SWE","HHDEBT","TOT","PC_NDI","A","2011",168.029,
"SWE","HHDEBT","TOT","PC_NDI","A","2012",165.9339,
"SWE","HHDEBT","TOT","PC_NDI","A","2013",168.2146,
"SWE","HHDEBT","TOT","PC_NDI","A","2014",171.7033,
"SWE","HHDEBT","TOT","PC_NDI","A","2015",177.0123,
"SWE","HHDEBT","TOT","PC_NDI","A","2016",182.4335,
"SWE","HHDEBT","TOT","PC_NDI","A","2017",187.2601,
"SWE","HHDEBT","TOT","PC_NDI","A","2018",188.8216,
"SWE","HHDEBT","TOT","PC_NDI","A","2019",189.8014,
"SWE","HHDEBT","TOT","PC_NDI","A","2020",200.1329,
"SWE","HHDEBT","TOT","PC_NDI","A","2021",200.9763,
"CHE","HHDEBT","TOT","PC_NDI","A","1999",171.4351,
"CHE","HHDEBT","TOT","PC_NDI","A","2000",170.4213,
"CHE","HHDEBT","TOT","PC_NDI","A","2001",166.8457,
"CHE","HHDEBT","TOT","PC_NDI","A","2002",174.7961,
"CHE","HHDEBT","TOT","PC_NDI","A","2003",183.9513,
"CHE","HHDEBT","TOT","PC_NDI","A","2004",184.6981,
"CHE","HHDEBT","TOT","PC_NDI","A","2005",186.8548,
"CHE","HHDEBT","TOT","PC_NDI","A","2006",185.5912,
"CHE","HHDEBT","TOT","PC_NDI","A","2007",180.1282,
"CHE","HHDEBT","TOT","PC_NDI","A","2008",178.3104,
"CHE","HHDEBT","TOT","PC_NDI","A","2009",182.6539,
"CHE","HHDEBT","TOT","PC_NDI","A","2010",186.179,
"CHE","HHDEBT","TOT","PC_NDI","A","2011",192.6068,
"CHE","HHDEBT","TOT","PC_NDI","A","2012",196.6373,
"CHE","HHDEBT","TOT","PC_NDI","A","2013",201.1584,
"CHE","HHDEBT","TOT","PC_NDI","A","2014",206.6619,
"CHE","HHDEBT","TOT","PC_NDI","A","2015",211.3122,
"CHE","HHDEBT","TOT","PC_NDI","A","2016",214.1353,
"CHE","HHDEBT","TOT","PC_NDI","A","2017",219.7484,
"CHE","HHDEBT","TOT","PC_NDI","A","2018",221.8846,
"CHE","HHDEBT","TOT","PC_NDI","A","2019",222.7375,
"CHE","HHDEBT","TOT","PC_NDI","A","2020",223.2122,
"CHE","HHDEBT","TOT","PC_NDI","A","2021",227.4115,
"GBR","HHDEBT","TOT","PC_NDI","A","1995",100.1868,
"GBR","HHDEBT","TOT","PC_NDI","A","1996",98.03812,
"GBR","HHDEBT","TOT","PC_NDI","A","1997",100.448,
"GBR","HHDEBT","TOT","PC_NDI","A","1998",106.6546,
"GBR","HHDEBT","TOT","PC_NDI","A","1999",109.281,
"GBR","HHDEBT","TOT","PC_NDI","A","2000",112.5289,
"GBR","HHDEBT","TOT","PC_NDI","A","2001",119.4849,
"GBR","HHDEBT","TOT","PC_NDI","A","2002",131.3563,
"GBR","HHDEBT","TOT","PC_NDI","A","2003",144.6014,
"GBR","HHDEBT","TOT","PC_NDI","A","2004",154.7808,
"GBR","HHDEBT","TOT","PC_NDI","A","2005",160.3113,
"GBR","HHDEBT","TOT","PC_NDI","A","2006",171.8824,
"GBR","HHDEBT","TOT","PC_NDI","A","2007",174.0751,
"GBR","HHDEBT","TOT","PC_NDI","A","2008",172.8033,
"GBR","HHDEBT","TOT","PC_NDI","A","2009",168.0606,
"GBR","HHDEBT","TOT","PC_NDI","A","2010",163.7279,
"GBR","HHDEBT","TOT","PC_NDI","A","2011",162.5639,
"GBR","HHDEBT","TOT","PC_NDI","A","2012",158.4633,
"GBR","HHDEBT","TOT","PC_NDI","A","2013",153.8056,
"GBR","HHDEBT","TOT","PC_NDI","A","2014",153.6355,
"GBR","HHDEBT","TOT","PC_NDI","A","2015",148.2817,
"GBR","HHDEBT","TOT","PC_NDI","A","2016",151.8314,
"GBR","HHDEBT","TOT","PC_NDI","A","2017",152.2804,
"GBR","HHDEBT","TOT","PC_NDI","A","2018",149.4892,
"GBR","HHDEBT","TOT","PC_NDI","A","2019",145.8764,
"GBR","HHDEBT","TOT","PC_NDI","A","2020",151.0333,
"GBR","HHDEBT","TOT","PC_NDI","A","2021",148.413,
"USA","HHDEBT","TOT","PC_NDI","A","1995",94.91271,
"USA","HHDEBT","TOT","PC_NDI","A","1996",96.86263,
"USA","HHDEBT","TOT","PC_NDI","A","1997",97.99287,
"USA","HHDEBT","TOT","PC_NDI","A","1998",99.14298,
"USA","HHDEBT","TOT","PC_NDI","A","1999",103.3385,
"USA","HHDEBT","TOT","PC_NDI","A","2000",104.3195,
"USA","HHDEBT","TOT","PC_NDI","A","2001",108.1912,
"USA","HHDEBT","TOT","PC_NDI","A","2002",113.4768,
"USA","HHDEBT","TOT","PC_NDI","A","2003",121.4751,
"USA","HHDEBT","TOT","PC_NDI","A","2004",128.0085,
"USA","HHDEBT","TOT","PC_NDI","A","2005",136.2582,
"USA","HHDEBT","TOT","PC_NDI","A","2006",141.4243,
"USA","HHDEBT","TOT","PC_NDI","A","2007",144.0545,
"USA","HHDEBT","TOT","PC_NDI","A","2008",137.2636,
"USA","HHDEBT","TOT","PC_NDI","A","2009",136.3571,
"USA","HHDEBT","TOT","PC_NDI","A","2010",128.5425,
"USA","HHDEBT","TOT","PC_NDI","A","2011",121.7566,
"USA","HHDEBT","TOT","PC_NDI","A","2012",114.7252,
"USA","HHDEBT","TOT","PC_NDI","A","2013",116.4644,
"USA","HHDEBT","TOT","PC_NDI","A","2014",111.5821,
"USA","HHDEBT","TOT","PC_NDI","A","2015",109.0545,
"USA","HHDEBT","TOT","PC_NDI","A","2016",109.1292,
"USA","HHDEBT","TOT","PC_NDI","A","2017",108.2802,
"USA","HHDEBT","TOT","PC_NDI","A","2018",105.8888,
"USA","HHDEBT","TOT","PC_NDI","A","2019",104.8325,
"USA","HHDEBT","TOT","PC_NDI","A","2020",100.4061,
"USA","HHDEBT","TOT","PC_NDI","A","2021",101.8361,
"CHL","HHDEBT","TOT","PC_NDI","A","2003",38.12783,
"CHL","HHDEBT","TOT","PC_NDI","A","2004",43.64782,
"CHL","HHDEBT","TOT","PC_NDI","A","2005",47.19513,
"CHL","HHDEBT","TOT","PC_NDI","A","2006",50.2993,
"CHL","HHDEBT","TOT","PC_NDI","A","2007",58.89663,
"CHL","HHDEBT","TOT","PC_NDI","A","2008",59.11977,
"CHL","HHDEBT","TOT","PC_NDI","A","2009",61.40364,
"CHL","HHDEBT","TOT","PC_NDI","A","2010",60.2889,
"CHL","HHDEBT","TOT","PC_NDI","A","2011",60.10222,
"CHL","HHDEBT","TOT","PC_NDI","A","2012",58.76715,
"CHL","HHDEBT","TOT","PC_NDI","A","2013",60.78158,
"CHL","HHDEBT","TOT","PC_NDI","A","2014",64.18501,
"CHL","HHDEBT","TOT","PC_NDI","A","2015",67.93679,
"CHL","HHDEBT","TOT","PC_NDI","A","2016",68.54272,
"CHL","HHDEBT","TOT","PC_NDI","A","2017",72.69505,
"CHL","HHDEBT","TOT","PC_NDI","A","2018",75.94619,
"CHL","HHDEBT","TOT","PC_NDI","A","2019",78.32166,
"CHL","HHDEBT","TOT","PC_NDI","A","2020",69.58051,
"CHL","HHDEBT","TOT","PC_NDI","A","2021",67.40247,
"EST","HHDEBT","TOT","PC_NDI","A","1995",7.176065,
"EST","HHDEBT","TOT","PC_NDI","A","1996",8.400567,
"EST","HHDEBT","TOT","PC_NDI","A","1997",13.8981,
"EST","HHDEBT","TOT","PC_NDI","A","1998",13.0337,
"EST","HHDEBT","TOT","PC_NDI","A","1999",15.47921,
"EST","HHDEBT","TOT","PC_NDI","A","2000",20.14478,
"EST","HHDEBT","TOT","PC_NDI","A","2001",24.18868,
"EST","HHDEBT","TOT","PC_NDI","A","2002",32.96922,
"EST","HHDEBT","TOT","PC_NDI","A","2003",41.88836,
"EST","HHDEBT","TOT","PC_NDI","A","2004",52.28589,
"EST","HHDEBT","TOT","PC_NDI","A","2005",68.72701,
"EST","HHDEBT","TOT","PC_NDI","A","2006",89.10352,
"EST","HHDEBT","TOT","PC_NDI","A","2007",102.4502,
"EST","HHDEBT","TOT","PC_NDI","A","2008",97.74123,
"EST","HHDEBT","TOT","PC_NDI","A","2009",104.4676,
"EST","HHDEBT","TOT","PC_NDI","A","2010",104.3295,
"EST","HHDEBT","TOT","PC_NDI","A","2011",93.758,
"EST","HHDEBT","TOT","PC_NDI","A","2012",89.68177,
"EST","HHDEBT","TOT","PC_NDI","A","2013",83.52853,
"EST","HHDEBT","TOT","PC_NDI","A","2014",81.17574,
"EST","HHDEBT","TOT","PC_NDI","A","2015",80.43336,
"EST","HHDEBT","TOT","PC_NDI","A","2016",80.64681,
"EST","HHDEBT","TOT","PC_NDI","A","2017",80.28,
"EST","HHDEBT","TOT","PC_NDI","A","2018",77.73799,
"EST","HHDEBT","TOT","PC_NDI","A","2019",78.152,
"EST","HHDEBT","TOT","PC_NDI","A","2020",80.30816,
"EST","HHDEBT","TOT","PC_NDI","A","2021",79.3673,
"SVN","HHDEBT","TOT","PC_NDI","A","1995",25.26499,
"SVN","HHDEBT","TOT","PC_NDI","A","1996",25.62902,
"SVN","HHDEBT","TOT","PC_NDI","A","1997",25.84511,
"SVN","HHDEBT","TOT","PC_NDI","A","1998",27.89927,
"SVN","HHDEBT","TOT","PC_NDI","A","1999",33.53279,
"SVN","HHDEBT","TOT","PC_NDI","A","2000",33.88183,
"SVN","HHDEBT","TOT","PC_NDI","A","2001",33.52703,
"SVN","HHDEBT","TOT","PC_NDI","A","2002",33.74244,
"SVN","HHDEBT","TOT","PC_NDI","A","2003",35.6654,
"SVN","HHDEBT","TOT","PC_NDI","A","2004",36.50046,
"SVN","HHDEBT","TOT","PC_NDI","A","2005",40.49331,
"SVN","HHDEBT","TOT","PC_NDI","A","2006",45.02974,
"SVN","HHDEBT","TOT","PC_NDI","A","2007",52.62323,
"SVN","HHDEBT","TOT","PC_NDI","A","2008",54.13535,
"SVN","HHDEBT","TOT","PC_NDI","A","2009",56.79345,
"SVN","HHDEBT","TOT","PC_NDI","A","2010",59.65017,
"SVN","HHDEBT","TOT","PC_NDI","A","2011",58.40634,
"SVN","HHDEBT","TOT","PC_NDI","A","2012",60.21098,
"SVN","HHDEBT","TOT","PC_NDI","A","2013",58.61179,
"SVN","HHDEBT","TOT","PC_NDI","A","2014",57.7603,
"SVN","HHDEBT","TOT","PC_NDI","A","2015",56.77537,
"SVN","HHDEBT","TOT","PC_NDI","A","2016",56.26997,
"SVN","HHDEBT","TOT","PC_NDI","A","2017",56.33402,
"SVN","HHDEBT","TOT","PC_NDI","A","2018",56.0264,
"SVN","HHDEBT","TOT","PC_NDI","A","2019",54.89876,
"SVN","HHDEBT","TOT","PC_NDI","A","2020",52.85824,
"SVN","HHDEBT","TOT","PC_NDI","A","2021",51.99343,
"CAN","HHDEBT","TOT","PC_NDI","A","1995",108.2612,
"CAN","HHDEBT","TOT","PC_NDI","A","1996",111.3603,
"CAN","HHDEBT","TOT","PC_NDI","A","1997",113.9386,
"CAN","HHDEBT","TOT","PC_NDI","A","1998",116.856,
"CAN","HHDEBT","TOT","PC_NDI","A","1999",117.3496,
"CAN","HHDEBT","TOT","PC_NDI","A","2000",117.5943,
"CAN","HHDEBT","TOT","PC_NDI","A","2001",118.2161,
"CAN","HHDEBT","TOT","PC_NDI","A","2002",122.1976,
"CAN","HHDEBT","TOT","PC_NDI","A","2003",127.6576,
"CAN","HHDEBT","TOT","PC_NDI","A","2004",133.6578,
"CAN","HHDEBT","TOT","PC_NDI","A","2005",142.4824,
"CAN","HHDEBT","TOT","PC_NDI","A","2006",146.6767,
"CAN","HHDEBT","TOT","PC_NDI","A","2007",155.8744,
"CAN","HHDEBT","TOT","PC_NDI","A","2008",160.36,
"CAN","HHDEBT","TOT","PC_NDI","A","2009",168.7937,
"CAN","HHDEBT","TOT","PC_NDI","A","2010",170.575,
"CAN","HHDEBT","TOT","PC_NDI","A","2011",173.9241,
"CAN","HHDEBT","TOT","PC_NDI","A","2012",174.3256,
"CAN","HHDEBT","TOT","PC_NDI","A","2013",174.0068,
"CAN","HHDEBT","TOT","PC_NDI","A","2014",176.1591,
"CAN","HHDEBT","TOT","PC_NDI","A","2015",178.1887,
"CAN","HHDEBT","TOT","PC_NDI","A","2016",186.5695,
"CAN","HHDEBT","TOT","PC_NDI","A","2017",186.3697,
"CAN","HHDEBT","TOT","PC_NDI","A","2018",187.3694,
"CAN","HHDEBT","TOT","PC_NDI","A","2019",186.3609,
"CAN","HHDEBT","TOT","PC_NDI","A","2020",178.8566,
"CAN","HHDEBT","TOT","PC_NDI","A","2021",185.1851,
"CAN","HHDEBT","TOT","PC_NDI","A","2022",187.2425,
"LVA","HHDEBT","TOT","PC_NDI","A","1995",4.20314,
"LVA","HHDEBT","TOT","PC_NDI","A","1996",4.320437,
"LVA","HHDEBT","TOT","PC_NDI","A","1997",4.777924,
"LVA","HHDEBT","TOT","PC_NDI","A","1998",6.870821,
"LVA","HHDEBT","TOT","PC_NDI","A","1999",8.21576,
"LVA","HHDEBT","TOT","PC_NDI","A","2000",12.17949,
"LVA","HHDEBT","TOT","PC_NDI","A","2001",13.63952,
"LVA","HHDEBT","TOT","PC_NDI","A","2002",18.41519,
"LVA","HHDEBT","TOT","PC_NDI","A","2003",40.72416,
"LVA","HHDEBT","TOT","PC_NDI","A","2004",34.20135,
"LVA","HHDEBT","TOT","PC_NDI","A","2005",53.05038,
"LVA","HHDEBT","TOT","PC_NDI","A","2006",70.35565,
"LVA","HHDEBT","TOT","PC_NDI","A","2007",80.26167,
"LVA","HHDEBT","TOT","PC_NDI","A","2008",72.89466,
"LVA","HHDEBT","TOT","PC_NDI","A","2009",80.66112,
"LVA","HHDEBT","TOT","PC_NDI","A","2010",81.86172,
"LVA","HHDEBT","TOT","PC_NDI","A","2011",76.27162,
"LVA","HHDEBT","TOT","PC_NDI","A","2012",64.86195,
"LVA","HHDEBT","TOT","PC_NDI","A","2013",58.92639,
"LVA","HHDEBT","TOT","PC_NDI","A","2014",52.53601,
"LVA","HHDEBT","TOT","PC_NDI","A","2015",47.90916,
"LVA","HHDEBT","TOT","PC_NDI","A","2016",44.59134,
"LVA","HHDEBT","TOT","PC_NDI","A","2017",43.13869,
"LVA","HHDEBT","TOT","PC_NDI","A","2018",41.58287,
"LVA","HHDEBT","TOT","PC_NDI","A","2019",40.08124,
"LVA","HHDEBT","TOT","PC_NDI","A","2020",38.68262,
"LVA","HHDEBT","TOT","PC_NDI","A","2021",37.19713,
"BRA","HHDEBT","TOT","PC_NDI","A","2009",44.8789,
"BRA","HHDEBT","TOT","PC_NDI","A","2010",48.56451,
"BRA","HHDEBT","TOT","PC_NDI","A","2011",50.80827,
"BRA","HHDEBT","TOT","PC_NDI","A","2012",52.33956,
"BRA","HHDEBT","TOT","PC_NDI","A","2013",53.06993,
"BRA","HHDEBT","TOT","PC_NDI","A","2014",55.23122,
"BRA","HHDEBT","TOT","PC_NDI","A","2015",54.81498,
"BRA","HHDEBT","TOT","PC_NDI","A","2016",53.12086,
"BRA","HHDEBT","TOT","PC_NDI","A","2017",39.36724,
"BRA","HHDEBT","TOT","PC_NDI","A","2018",41.10812,
"BRA","HHDEBT","TOT","PC_NDI","A","2019",45.02797,
"BRA","HHDEBT","TOT","PC_NDI","A","2020",44.75682,
"LTU","HHDEBT","TOT","PC_NDI","A","1995",5.759115,
"LTU","HHDEBT","TOT","PC_NDI","A","1996",4.791764,
"LTU","HHDEBT","TOT","PC_NDI","A","1997",4.151453,
"LTU","HHDEBT","TOT","PC_NDI","A","1998",2.872806,
"LTU","HHDEBT","TOT","PC_NDI","A","1999",3.163273,
"LTU","HHDEBT","TOT","PC_NDI","A","2000",3.172581,
"LTU","HHDEBT","TOT","PC_NDI","A","2001",3.654881,
"LTU","HHDEBT","TOT","PC_NDI","A","2002",5.760053,
"LTU","HHDEBT","TOT","PC_NDI","A","2003",15.78635,
"LTU","HHDEBT","TOT","PC_NDI","A","2004",14.81723,
"LTU","HHDEBT","TOT","PC_NDI","A","2005",28.08622,
"LTU","HHDEBT","TOT","PC_NDI","A","2006",39.80544,
"LTU","HHDEBT","TOT","PC_NDI","A","2007",55.18778,
"LTU","HHDEBT","TOT","PC_NDI","A","2008",56.03022,
"LTU","HHDEBT","TOT","PC_NDI","A","2009",55.39999,
"LTU","HHDEBT","TOT","PC_NDI","A","2010",53.46902,
"LTU","HHDEBT","TOT","PC_NDI","A","2011",48.58949,
"LTU","HHDEBT","TOT","PC_NDI","A","2012",47.80276,
"LTU","HHDEBT","TOT","PC_NDI","A","2013",45.40714,
"LTU","HHDEBT","TOT","PC_NDI","A","2014",46.82539,
"LTU","HHDEBT","TOT","PC_NDI","A","2015",49.37006,
"LTU","HHDEBT","TOT","PC_NDI","A","2016",44.71376,
"LTU","HHDEBT","TOT","PC_NDI","A","2017",45.89677,
"LTU","HHDEBT","TOT","PC_NDI","A","2018",42.99354,
"LTU","HHDEBT","TOT","PC_NDI","A","2019",42.20617,
"LTU","HHDEBT","TOT","PC_NDI","A","2020",40.93576,
"LTU","HHDEBT","TOT","PC_NDI","A","2021",45.44381,
"RUS","HHDEBT","TOT","PC_NDI","A","2011",22.84296,
"RUS","HHDEBT","TOT","PC_NDI","A","2012",26.63504,
"RUS","HHDEBT","TOT","PC_NDI","A","2013",30.45344,
"RUS","HHDEBT","TOT","PC_NDI","A","2014",30.6166,
"RUS","HHDEBT","TOT","PC_NDI","A","2015",29.68735,
"RUS","HHDEBT","TOT","PC_NDI","A","2016",28.84127,
"RUS","HHDEBT","TOT","PC_NDI","A","2017",30.24627,
"RUS","HHDEBT","TOT","PC_NDI","A","2018",34.19798,
"RUS","HHDEBT","TOT","PC_NDI","A","2019",37.40924,
"NZL","HHDEBT","TOT","PC_NDI","A","2007",116.6522,
"NZL","HHDEBT","TOT","PC_NDI","A","2008",127.201,
"NZL","HHDEBT","TOT","PC_NDI","A","2009",121.6372,
"NZL","HHDEBT","TOT","PC_NDI","A","2010",119.0782,
"NZL","HHDEBT","TOT","PC_NDI","A","2011",113.9323,
"NZL","HHDEBT","TOT","PC_NDI","A","2012",114.6624,
"NZL","HHDEBT","TOT","PC_NDI","A","2013",114.6921,
"NZL","HHDEBT","TOT","PC_NDI","A","2014",118.3187,
"NZL","HHDEBT","TOT","PC_NDI","A","2016",117.3592,
"NZL","HHDEBT","TOT","PC_NDI","A","2017",119.6434,
"NZL","HHDEBT","TOT","PC_NDI","A","2018",118.7734,
"NZL","HHDEBT","TOT","PC_NDI","A","2019",118.3482,
"NZL","HHDEBT","TOT","PC_NDI","A","2020",116.4657,
"COL","HHDEBT","TOT","PC_NDI","A","2015",43.42916,
"COL","HHDEBT","TOT","PC_NDI","A","2016",44.86945,
"COL","HHDEBT","TOT","PC_NDI","A","2017",45.93954,
"COL","HHDEBT","TOT","PC_NDI","A","2018",46.38181,
"COL","HHDEBT","TOT","PC_NDI","A","2019",49.50161,
"COL","HHDEBT","TOT","PC_NDI","A","2020",51.7056,
